Date,Cloud Agent ID,Automation ID,Kind,Model,Max Mode,Input (w/ Cache Write),Input (w/o Cache Write),Cache Read,Output Tokens,Total Tokens,Cost
"2026-08-17T21:22:41.154Z","","","Included","cursor-grok-4.6-high-fast","No","0","102956","375168","17167","495291","Included"
"2026-08-17T21:11:08.904Z","","","Included","cursor-grok-4.5-high-fast","No","0","1122","153216","209","154547","Included"
"2026-08-17T21:09:56.879Z","","","Included","cursor-grok-4.5-high-fast","No","0","7288","806912","1752","815952","Included"
"2026-08-17T21:08:00.463Z","","","Included","cursor-grok-4.5-high-fast","No","0","33423","350464","13453","397340","Included"
"2026-08-17T21:07:45.228Z","","","Included","cursor-grok-4.5-high-fast","No","0","63012","75392","908","139312","Included"
"2026-08-17T21:01:31.547Z","","","Included","cursor-grok-4.6-high-fast","No","0","128276","247296","5725","381297","Included"
"2026-08-17T15:51:32.694Z","","","Included","cursor-grok-4.5-high-fast","No","0","16942","66816","1393","85151","Included"
"2026-08-17T15:51:26.749Z","","","Included","cursor-grok-4.5-high-fast","No","0","1355","237056","495","238906","Included"
"2026-08-17T15:47:42.298Z","","","Included","cursor-grok-4.5-high-fast","No","0","13432","84736","2204","100372","Included"
"2026-08-17T15:47:09.187Z","","","Included","cursor-grok-4.5-high-fast","No","0","117210","467712","1665","586587","Included"
"2026-08-17T15:21:15.070Z","","","Included","cursor-grok-4.5-high-fast","No","0","57561","186240","3441","247242","Included"
"2026-08-17T15:21:02.880Z","","","Included","cursor-grok-4.5-high-fast","No","0","7175","331136","3046","341357","Included"
"2026-08-17T15:14:37.422Z","","","Included","cursor-grok-4.5-high-fast","No","0","16623","597760","7404","621787","Included"
"2026-08-17T14:54:20.914Z","","","Included","cursor-grok-4.5-high-fast","No","0","81398","367488","3546","452432","Included"
"2026-08-17T14:22:48.298Z","","","Included","cursor-grok-4.6-high-fast","No","0","46704","152832","3842","203378","Included"
"2026-08-17T14:00:23.775Z","","","Included","cursor-grok-4.6-high-fast","No","0","47320","1474176","13305","1534801","Included"
"2026-08-17T13:59:26.258Z","","","Included","cursor-grok-4.6-high-fast","No","0","505","219264","110","219879","Included"
"2026-08-17T13:59:12.622Z","","","Included","cursor-grok-4.6-high-fast","No","0","1066","437248","365","438679","Included"
"2026-08-17T13:50:13.391Z","","","Included","cursor-grok-4.5-high-fast","No","0","2385","259328","873","262586","Included"
"2026-08-17T13:46:45.060Z","","","Included","cursor-grok-4.5-high-fast","No","0","4085","417280","1482","422847","Included"
"2026-08-17T13:44:16.147Z","","","Included","cursor-grok-4.6-high-fast","No","0","21428","1889536","10040","1921004","Included"
"2026-08-17T13:36:07.783Z","","","Included","cursor-grok-4.5-high-fast","No","0","79704","164864","510","245078","Included"
"2026-08-17T13:34:47.815Z","","","Included","cursor-grok-4.6-high-fast","No","0","209013","2246016","6629","2461658","Included"
"2026-08-17T13:27:06.137Z","","","Included","cursor-grok-4.6-high-fast","No","0","9844","516992","4065","530901","Included"
"2026-08-17T13:26:11.447Z","","","Included","cursor-grok-4.6-high-fast","No","0","1910","0","1454","3364","Included"
"2026-08-17T13:17:14.001Z","","","Included","cursor-grok-4.6-high-fast","No","0","7206","832256","3415","842877","Included"
"2026-08-17T12:49:33.277Z","","","Included","cursor-grok-4.5-high-fast","No","0","1753","78080","148","79981","Included"
"2026-08-17T12:47:47.116Z","","","Included","cursor-grok-4.6-high-fast","No","0","15296","2232448","10041","2257785","Included"
"2026-08-17T12:45:00.240Z","","","Included","cursor-grok-4.5-high-fast","No","0","77453","1536","182","79171","Included"
"2026-08-17T12:44:09.642Z","","","Included","cursor-grok-4.5-high-fast","No","0","23461","116224","4066","143751","Included"
"2026-08-17T12:43:53.535Z","","","Included","cursor-grok-4.5-high-fast","No","0","67562","87296","997","155855","Included"
"2026-08-17T12:43:50.892Z","","","Included","cursor-grok-4.5-high-fast","No","0","166738","900992","7699","1075429","Included"
"2026-08-17T12:43:40.322Z","","","Included","cursor-grok-4.5-high-fast","No","0","64915","83840","163","148918","Included"
"2026-08-17T12:42:38.182Z","","","Included","cursor-grok-4.5-high-fast","No","0","43403","174592","3772","221767","Included"
"2026-08-17T12:42:28.088Z","","","Included","cursor-grok-4.5-high-fast","No","0","68559","66048","1106","135713","Included"
"2026-08-17T12:36:43.842Z","","","Included","cursor-grok-4.6-high-fast","No","0","8081","429440","4753","442274","Included"
"2026-08-17T12:14:55.534Z","","","Included","cursor-grok-4.6-high-fast","No","0","32921","1116416","9107","1158444","Included"
"2026-08-17T12:13:09.815Z","","","Included","cursor-grok-4.5-high-fast","No","0","80346","1871360","25912","1977618","Included"
"2026-08-17T11:51:32.631Z","","","Included","cursor-grok-4.5-high-fast","No","0","220567","442112","2660","665339","Included"
"2026-08-17T11:41:18.074Z","","","Included","cursor-grok-4.6-high-fast","No","0","101521","742656","7685","851862","Included"
"2026-08-17T09:37:30.507Z","","","Included","cursor-grok-4.5-high-fast","No","0","58120","2400512","8580","2467212","Included"
"2026-08-17T09:25:05.858Z","","","Included","cursor-grok-4.5-high-fast","No","0","19230","1065344","11276","1095850","Included"
"2026-08-17T09:16:07.899Z","","","Included","cursor-grok-4.5-high-fast","No","0","270690","427392","4240","702322","Included"
"2026-08-17T03:44:06.823Z","","","Included","cursor-grok-4.5-high-fast","No","0","1787","266112","294","268193","Included"
"2026-08-17T03:29:47.433Z","","","Included","cursor-grok-4.5-high-fast","No","0","228578","1554688","30458","1813724","Included"
"2026-08-17T03:29:25.048Z","","","Included","cursor-grok-4.5-high-fast","No","0","125872","138112","805","264789","Included"
"2026-08-17T03:29:05.958Z","","","Included","cursor-grok-4.6-high-fast","No","0","69126","197888","12035","279049","Included"
"2026-08-17T03:25:58.936Z","","","Included","cursor-grok-4.5-high-fast","No","0","127055","352896","4282","484233","Included"
"2026-08-17T03:11:43.336Z","","","Included","cursor-grok-4.6-high-fast","No","0","48402","108416","6143","162961","Included"
"2026-08-17T02:37:39.323Z","","","Included","cursor-grok-4.6-high-fast","No","0","8654","123136","3778","135568","Included"
"2026-08-17T02:29:34.614Z","","","Included","cursor-grok-4.6-high-fast","No","0","37042","129024","9919","175985","Included"
"2026-08-17T02:16:58.903Z","","","Included","cursor-grok-4.5-high-fast","No","0","95692","1320576","20085","1436353","Included"
"2026-08-17T00:06:27.570Z","","","Included","cursor-grok-4.5-high-fast","No","0","64306","69504","2596","136406","Included"
"2026-08-16T22:41:20.000Z","","","Included","cursor-grok-4.5-high-fast","No","0","62436","377088","13472","452996","Included"
"2026-08-16T21:42:04.939Z","","","Included","cursor-grok-4.5-high-fast","No","0","2128","81152","540","83820","Included"
"2026-08-16T21:36:32.020Z","","","Included","cursor-grok-4.5-high-fast","No","0","65841","267392","13167","346400","Included"
"2026-08-16T21:36:22.998Z","","","Included","cursor-grok-4.5-high-fast","No","0","30379","48256","1038","79673","Included"
"2026-08-16T21:34:52.447Z","","","Included","cursor-grok-4.6-high-fast","No","0","37233","69760","7199","114192","Included"
"2026-08-16T04:14:15.434Z","","","Included","cursor-grok-4.6-high-fast","No","0","52818","97920","2648","153386","Included"
"2026-08-16T03:26:33.707Z","","","Included","cursor-grok-4.6-high-fast","No","0","48073","183936","6701","238710","Included"
"2026-08-16T03:24:54.410Z","","","Included","cursor-grok-4.6-high-fast","No","0","95040","692032","10765","797837","Included"
"2026-08-16T03:02:04.469Z","","","Included","cursor-grok-4.6-high-fast","No","0","135101","737216","18992","891309","Included"
"2026-08-16T02:31:41.136Z","","","Included","cursor-grok-4.6-high-fast","No","0","1910","653952","1003","656865","Included"
"2026-08-16T02:28:21.333Z","","","Included","cursor-grok-4.6-high-fast","No","0","81200","2119232","6427","2206859","Included"
"2026-08-16T02:27:03.620Z","","","Included","cursor-grok-4.6-high-fast","No","","","","","","Free"
"2026-08-16T02:06:32.593Z","","","Included","cursor-grok-4.6-high-fast","No","0","146629","2870720","28666","3046015","Included"
"2026-08-16T01:48:09.967Z","","","Included","cursor-grok-4.6-high-fast","No","0","82609","1293952","22310","1398871","Included"
"2026-08-15T21:19:38.734Z","","","Included","cursor-grok-4.6-high-fast","No","0","98566","681664","19120","799350","Included"
"2026-08-15T01:18:31.336Z","","","Included","cursor-grok-4.6-high-fast","No","0","7427","124480","5380","137287","Included"
"2026-08-15T01:15:42.529Z","","","Included","cursor-grok-4.6-high-fast","No","0","38933","69056","1850","109839","Included"
"2026-08-15T01:09:00.311Z","","","Included","cursor-grok-4.6-high-fast","No","0","63912","60288","18995","143195","Included"
